{"template":true,"children":[{"type":"dsw.gerumap.app.maprepository.implementation.Topic","data":{"x":186.0,"y":130.0,"width":61.0,"height":30.0,"strokeWidth":2,"colourInside":16777215,"colourOutline":0,"selected":false,"name":"Center"}},{"type":"dsw.gerumap.app.maprepository.implementation.Topic","data":{"x":75.0,"y":74.0,"width":67.0,"height":30.0,"strokeWidth":2,"colourInside":16777215,"colourOutline":0,"selected":false,"name":"Topic 1"}},{"type":"dsw.gerumap.app.maprepository.implementation.Topic","data":{"x":311.0,"y":66.0,"width":67.0,"height":30.0,"strokeWidth":2,"colourInside":16777215,"colourOutline":0,"selected":false,"name":"Topic 2"}},{"type":"dsw.gerumap.app.maprepository.implementation.Topic","data":{"x":87.0,"y":248.0,"width":67.0,"height":30.0,"strokeWidth":2,"colourInside":16777215,"colourOutline":0,"selected":false,"name":"Topic 3"}},{"type":"dsw.gerumap.app.maprepository.implementation.Topic","data":{"x":316.0,"y":235.0,"width":67.0,"height":30.0,"strokeWidth":2,"colourInside":16777215,"colourOutline":0,"selected":false,"name":"Topic 4"}},{"type":"dsw.gerumap.app.maprepository.implementation.Association","data":{"from":{"x":75.0,"y":74.0,"width":67.0,"height":30.0,"strokeWidth":2,"colourInside":16777215,"colourOutline":0,"selected":false,"name":"Topic 1"},"xFrom":108.5,"yFrom":89.0,"to":{"x":186.0,"y":130.0,"width":61.0,"height":30.0,"strokeWidth":2,"colourInside":16777215,"colourOutline":0,"selected":false,"name":"Center"},"xTo":216.5,"yTo":145.0,"strokeWidth":2,"colourInside":16777215,"colourOutline":0,"selected":false,"name":"Topic 1-Center"}},{"type":"dsw.gerumap.app.maprepository.implementation.Association","data":{"from":{"x":186.0,"y":130.0,"width":61.0,"height":30.0,"strokeWidth":2,"colourInside":16777215,"colourOutline":0,"selected":false,"name":"Center"},"xFrom":216.5,"yFrom":145.0,"to":{"x":87.0,"y":248.0,"width":67.0,"height":30.0,"strokeWidth":2,"colourInside":16777215,"colourOutline":0,"selected":false,"name":"Topic 3"},"xTo":120.5,"yTo":263.0,"strokeWidth":2,"colourInside":16777215,"colourOutline":0,"selected":false,"name":"Center-Topic 3"}}],"name":"MindMap 1"}