{"template":true,"children":[{"type":"dsw.gerumap.app.maprepository.implementation.Topic","data":{"x":194.0,"y":136.0,"width":45.0,"height":30.0,"strokeWidth":2,"colourInside":16777215,"colourOutline":0,"selected":false,"name":"One"}},{"type":"dsw.gerumap.app.maprepository.implementation.Topic","data":{"x":75.0,"y":55.0,"width":46.0,"height":30.0,"strokeWidth":2,"colourInside":16777215,"colourOutline":0,"selected":false,"name":"Two"}},{"type":"dsw.gerumap.app.maprepository.implementation.Topic","data":{"x":333.0,"y":58.0,"width":55.0,"height":30.0,"strokeWidth":2,"colourInside":16777215,"colourOutline":0,"selected":false,"name":"Three"}},{"type":"dsw.gerumap.app.maprepository.implementation.Topic","data":{"x":86.0,"y":243.0,"width":48.0,"height":30.0,"strokeWidth":2,"colourInside":16777215,"colourOutline":0,"selected":false,"name":"Four"}},{"type":"dsw.gerumap.app.maprepository.implementation.Topic","data":{"x":330.0,"y":254.0,"width":45.0,"height":30.0,"strokeWidth":2,"colourInside":16777215,"colourOutline":0,"selected":false,"name":"Five"}},{"type":"dsw.gerumap.app.maprepository.implementation.Association","data":{"from":{"x":75.0,"y":55.0,"width":46.0,"height":30.0,"strokeWidth":2,"colourInside":16777215,"colourOutline":0,"selected":false,"name":"Two"},"xFrom":98.0,"yFrom":70.0,"to":{"x":194.0,"y":136.0,"width":45.0,"height":30.0,"strokeWidth":2,"colourInside":16777215,"colourOutline":0,"selected":false,"name":"One"},"xTo":216.5,"yTo":151.0,"strokeWidth":2,"colourInside":16777215,"colourOutline":0,"selected":false,"name":"Two-One"}},{"type":"dsw.gerumap.app.maprepository.implementation.Association","data":{"from":{"x":333.0,"y":58.0,"width":55.0,"height":30.0,"strokeWidth":2,"colourInside":16777215,"colourOutline":0,"selected":false,"name":"Three"},"xFrom":360.5,"yFrom":73.0,"to":{"x":194.0,"y":136.0,"width":45.0,"height":30.0,"strokeWidth":2,"colourInside":16777215,"colourOutline":0,"selected":false,"name":"One"},"xTo":216.5,"yTo":151.0,"strokeWidth":2,"colourInside":16777215,"colourOutline":0,"selected":false,"name":"Three-One"}}],"name":"Five"}
