{"template":true,"children":[{"type":"dsw.gerumap.app.maprepository.implementation.Topic","data":{"x":98.0,"y":83.0,"width":45.0,"height":30.0,"strokeWidth":2,"colourInside":16777215,"colourOutline":0,"selected":false,"name":"One"}},{"type":"dsw.gerumap.app.maprepository.implementation.Topic","data":{"x":280.0,"y":112.0,"width":46.0,"height":30.0,"strokeWidth":2,"colourInside":16777215,"colourOutline":0,"selected":false,"name":"Two"}},{"type":"dsw.gerumap.app.maprepository.implementation.Topic","data":{"x":166.0,"y":210.0,"width":55.0,"height":30.0,"strokeWidth":2,"colourInside":16777215,"colourOutline":0,"selected":false,"name":"Three"}},{"type":"dsw.gerumap.app.maprepository.implementation.Association","data":{"from":{"x":166.0,"y":210.0,"width":55.0,"height":30.0,"strokeWidth":2,"colourInside":16777215,"colourOutline":0,"selected":false,"name":"Three"},"xFrom":193.5,"yFrom":225.0,"to":{"x":280.0,"y":112.0,"width":46.0,"height":30.0,"strokeWidth":2,"colourInside":16777215,"colourOutline":0,"selected":false,"name":"Two"},"xTo":303.0,"yTo":127.0,"strokeWidth":2,"colourInside":16777215,"colourOutline":0,"selected":false,"name":"Three-Two"}},{"type":"dsw.gerumap.app.maprepository.implementation.Association","data":{"from":{"x":98.0,"y":83.0,"width":45.0,"height":30.0,"strokeWidth":2,"colourInside":16777215,"colourOutline":0,"selected":false,"name":"One"},"xFrom":120.5,"yFrom":98.0,"to":{"x":280.0,"y":112.0,"width":46.0,"height":30.0,"strokeWidth":2,"colourInside":16777215,"colourOutline":0,"selected":false,"name":"Two"},"xTo":303.0,"yTo":127.0,"strokeWidth":2,"colourInside":16777215,"colourOutline":0,"selected":false,"name":"One-Two"}}],"name":"Three"}
