{"template":true,"children":[{"type":"dsw.gerumap.app.maprepository.implementation.Topic","data":{"x":103.0,"y":129.0,"width":45.0,"height":30.0,"strokeWidth":2,"colourInside":16777215,"colourOutline":0,"selected":false,"name":"One"}},{"type":"dsw.gerumap.app.maprepository.implementation.Topic","data":{"x":300.0,"y":153.0,"width":46.0,"height":30.0,"strokeWidth":2,"colourInside":16777215,"colourOutline":0,"selected":false,"name":"Two"}},{"type":"dsw.gerumap.app.maprepository.implementation.Association","data":{"from":{"x":103.0,"y":129.0,"width":45.0,"height":30.0,"strokeWidth":2,"colourInside":16777215,"colourOutline":0,"selected":false,"name":"One"},"xFrom":125.5,"yFrom":144.0,"to":{"x":300.0,"y":153.0,"width":46.0,"height":30.0,"strokeWidth":2,"colourInside":16777215,"colourOutline":0,"selected":false,"name":"Two"},"xTo":323.0,"yTo":168.0,"strokeWidth":2,"colourInside":16777215,"colourOutline":0,"selected":false,"name":"One-Two"}}],"name":"Two"}
